<?xml version="1.0" encoding="UTF-8"?>
<!DOCTYPE mapper
PUBLIC "-//mybatis.org//DTD Mapper 3.0//EN"
"http://mybatis.org/dtd/mybatis-3-mapper.dtd">


<mapper namespace="com.hospital.dao.BedDao">

<resultMap type="Bed" id="BedResult">
		<result property="bedid" column="bedid"/>
		<result property="bednumber" column="bednumber"/>
		<result property="inputtime" column="inputtime"/>
		<result property="state" column="state"/>
		<association property="ward" column="wardid" select="com.hospital.dao.WardDao.getWardById"/>
		<association property="patient" column="patid" select="com.hospital.dao.PatientDao.getPatientById"/>
</resultMap>
<select id="list" parameterType="Map" resultMap="BedResult">
		select * from bed
		<where>
			<if test="wardtype!=null and wardtype!='' ">
				and wardid in (SELECT wardid FROM ward WHERE wardtype like #{wardtype})
			</if>
			<if test="depid!=null">
				and wardid in (SELECT wardid FROM ward WHERE depid =#{depid})
			</if>
			<if test="patname!=null and patname!=''">
				and patid in (SELECT patid FROM patient WHERE patname LIKE #{patname})
			</if>
			<if test="state!=null">
				and state=#{state}
			</if>
		</where>
		ORDER BY bednumber
		<if test="start!=null and size!=null">
			limit #{start},#{size}
		</if>
</select>

<select id="BedTotal" resultType="int" parameterType="int">
	SELECT count(*) FROM Bed where state=1 and wardid in (SELECT wardid FROM ward WHERE depid =#{depid})
</select>

<select id="userBedTotal" resultType="int" parameterType="int">
	SELECT count(*) FROM Bed where state=0 and wardid in (SELECT wardid FROM ward WHERE depid =#{depid})
</select>

<select id="getBedById" parameterType="int" resultMap="BedResult">
	SELECT * FROM Bed WHERE bedid=#{id}
</select>

<select id="getBedByPatId" parameterType="int" resultMap="BedResult">
	SELECT * FROM Bed WHERE patid=#{patid}
</select>

<update id="updateBed" parameterType="com.hospital.entity.Bed">
		update bed
		<set>
			<if test="bednumber!=null">
				bednumber=#{bednumber},
			</if>
			<if test="ward!=null">
				<if test="ward.wardid !=null">
					wardid=#{ward.wardid},
				</if>
			</if>
			<if test="patient!=null">
				<if test="patient.patid!=null">
					patid=#{patient.patid},
				</if>
			</if>
			<if test="inputtime!=null">
				inputtime=#{inputtime},
			</if>
			<if test="state!=null">
				state=#{state},
			</if>
		</set>
		where bedid=#{bedid}
</update>
	
<update id="updateBedSetNull" parameterType="int">
	UPDATE bed SET patid=NULL,inputtime=NULL,state=1 WHERE bedid=#{bedid}
</update>

<insert id="addBed" parameterType="com.hospital.entity.Bed">
	<selectKey keyProperty="bedid" resultType="int" order="AFTER">
			SELECT LAST_INSERT_ID()
	</selectKey>
	INSERT INTO bed VALUES(NULL,#{ward.wardid},#{bednumber},#{patient.patid},#{inputtime},#{state})
</insert>

<select id="getNumberByWardid" resultType="int" parameterType="int">
	SELECT count(*) FROM Bed where state=1 and wardid =#{wardid}
</select>
</mapper>