<?xml version="1.0" encoding="UTF-8"?>
<!DOCTYPE mapper
PUBLIC "-//mybatis.org//DTD Mapper 3.0//EN"
"http://mybatis.org/dtd/mybatis-3-mapper.dtd">

<mapper namespace="com.hospital.dao.DepartmentDao">

<resultMap type="Department" id="DepartmentResult">
	<result property="depid" column="depid"/>
	<result property="depname" column="depname"/>
	<result property="deppaper" column="deppaper"/>
</resultMap>

<select id="getDepartmentById" parameterType="int" resultMap="DepartmentResult">
	select * from department where depid=#{id}
</select>

<select id="showDepartmentList"  resultMap="DepartmentResult">
	select * from department 
</select>

</mapper>