<?xml version="1.0" encoding="UTF-8"?>
<!DOCTYPE mapper
PUBLIC "-//mybatis.org//DTD Mapper 3.0//EN"
"http://mybatis.org/dtd/mybatis-3-mapper.dtd">

<mapper namespace="com.hospital.dao.DrugDao">

<resultMap type="Drug" id="DrugResult">
	<result property="drugid" column="drugid"/>
	<result property="drugname" column="drugname"/>
	<result property="drugbrand" column="drugbrand"/>
	<result property="drugnote" column="drugnote"/>
	<result property="drugtype" column="drugtype"/>
	<result property="drugpay" column="drugpay"/>
</resultMap>

<select id="showDrugList" parameterType="Map" resultMap="DrugResult">
		select * from Drug
		<where>
			<if test="drugname!=null and drugname!='' ">
				and drugname like #{drugname}
			</if>
		</where>
		<if test="start!=null and size!=null">
			limit #{start},#{size}
		</if>
</select>

<select id="getDrugById" parameterType="int" resultMap="DrugResult">
	select * from drug where drugid=#{drugid}
</select>

<select id="getDrugByName" parameterType="java.lang.String" resultMap="DrugResult">
	select * from drug where drugname=#{drugname}
</select>

<insert id="addDrug" parameterType="com.hospital.entity.Drug">
	<selectKey keyProperty="drugid" resultType="int" order="AFTER">
			SELECT LAST_INSERT_ID()
	</selectKey>
	INSERT INTO drug VALUES(NULL,#{drugname},#{drugbrand},#{drugnote},#{drugtype},#{drugpay})
</insert>

<select id="getSumByDrugName" parameterType="java.lang.String" resultType="int">
	SELECT SUM(drugnum) FROM drug,stock WHERE stock.drugid=drug.drugid AND drugname=#{drugname}
</select>

<update id="updateDrug" parameterType="com.hospital.entity.Drug">
	update Drug
		<set>
			<if test="drugname!=null">
				drugname=#{drugname},
			</if>
			<if test="drugbrand !=null">
				drugbrand=#{drugbrand},
			</if>
			<if test="drugnote!=null">
				drugnote=#{drugnote},
			</if>
			<if test="drugtype!=null">
				drugtype=#{drugtype},
			</if>
			<if test="drugpay!=null">
				drugpay=#{drugpay},
			</if>
		</set>
		where drugid=#{drugid}
</update>

<select id="getPayByDrugid" parameterType="int" resultType="int">
	SELECT SUM(stoprice*stosavenum) FROM stock s INNER JOIN drug d ON s.drugid=d.drugid WHERE d.drugid=#{drugid}
</select>

<select id="getDrugTotal" parameterType="Map" resultType="int">
		select count(*) from Drug
		<where>
			<if test="drugname!=null and drugname!='' ">
				and drugname like #{drugname}
			</if>
		</where>
</select>
</mapper>