<?xml version="1.0" encoding="UTF-8"?>
<!DOCTYPE mapper
PUBLIC "-//mybatis.org//DTD Mapper 3.0//EN"
"http://mybatis.org/dtd/mybatis-3-mapper.dtd">

<mapper namespace="com.hospital.dao.LiveDao">

<resultMap type="Live" id="LiveResult">
	<result property="liveid" column="liveid"/>
	<result property="inputtime" column="inputtime"/>
	<result property="outtime" column="outtime"/>
	<result property="pay" column="pay"/>
	<association property="bed" column="bedid" select="com.hospital.dao.BedDao.getBedById"/>
	<association property="patient" column="patid" select="com.hospital.dao.PatientDao.getPatientById"/>
</resultMap>

<insert id="addLive" parameterType="com.hospital.entity.Live">
	INSERT INTO live VALUES(NULL,#{bed.bedid},#{patient.patid},#{inputtime},#{outtime},#{pay})
</insert>



<select id="getLiveById"  resultMap="LiveResult" parameterType="int">
	select * from live where liveid=#{liveid} 
</select>

<select id="getLiveBypatId"  resultMap="LiveResult" parameterType="int">
	select * from live where patid=#{patid} AND outtime IS null
</select>

<update id="updateLive" parameterType="com.hospital.entity.Live">
		update live
		<set>
			<if test="outtime!=null">
				outtime=#{outtime},
			</if>
			<if test="pay!=null">
				pay=#{pay},
			</if>
		</set>
		where liveid=#{liveid}
</update>

<select id="getLiveIncome" parameterType="int" resultType="int">
	SELECT IFNULL(SUM(pay),0) FROM live l INNER JOIN bed b ON l.bedid=b.bedid INNER JOIN ward w ON b.wardid=w.wardid WHERE w.depid=#{depid}
</select>
</mapper>