<?xml version="1.0" encoding="UTF-8"?>
<!DOCTYPE mapper
PUBLIC "-//mybatis.org//DTD Mapper 3.0//EN"
"http://mybatis.org/dtd/mybatis-3-mapper.dtd">

<mapper namespace="com.hospital.dao.PatientDao">

<resultMap type="Patient" id="PatientResult">
	<result property="patid" column="patid"/>
	<result property="patname" column="patname"/>
	<result property="patsex" column="patsex"/>
	<result property="patage" column="patage"/>
	<result property="patphone" column="patphone"/>
	<result property="patcard" column="patcard"/>
	<result property="familyname" column="familyname"/>
	<result property="familyphone" column="familyphone"/>
	<result property="patbirth" column="patbirth"/>
</resultMap>

<select id="getPatientByCard" parameterType="java.lang.String" resultMap="PatientResult">
	select * from Patient where patcard=#{patcard}
</select>

<select id="getPatientById" parameterType="int" resultMap="PatientResult">
	select * from Patient where patid=#{patid}
</select>

<update id="updatePatient" parameterType="com.hospital.entity.Patient">
	update Patient
		<set>
			<if test="patname!=null and patname!=''">
				patname=#{patname},
			</if>
			<if test="patbirth !=null">
				patbirth=#{patbirth},
			</if>
			<if test="patsex!=null and patsex!=''">
				patsex=#{patsex},
			</if>
			<if test="patage!=null">
				patage=#{patage},
			</if>
			<if test="patphone!=null and patphone!=''">
				`patphone`=#{patphone},
			</if>
			<if test="patcard !=null and patcard!=''">
				patcard=#{patcard},
			</if>
			<if test="familyname!=null and familyname!=''">
				familyname=#{familyname},
			</if>
			<if test="familyphone !=null and familyphone !=''">
				familyphone=#{familyphone},
			</if>	
		</set>
		where patid=#{patid}
</update>

<insert id="addPatient" parameterType="com.hospital.entity.Patient">
	INSERT INTO patient VALUES(NULL,#{patname},#{patsex},#{patage},#{patphone},#{patcard},#{familyname},#{familyphone},#{patbirth})
</insert>

<select id="showPatientList" parameterType="Map" resultMap="PatientResult">
		select * from Patient
		<where>
			<if test="patcard!=null">
				and patcard=#{patcard}
			</if>
			<if test="patphone!=null and patphone!=''">
				and patphone=#{patphone}
			</if>
			<if test="patname!=null and patname!='' ">
				and patname like #{patname}
			</if>
		</where>
		<if test="start!=null and size!=null">
			limit #{start},#{size}
		</if>
</select>

<select id="showRegistrationPatientList" parameterType="Map" resultMap="PatientResult">
		select * from Patient
		<where>
			<if test="patcard!=null">
				and patcard=#{patcard}
			</if>
			<if test="patphone!=null and patphone!=''">
				and patphone=#{patphone}
			</if>
			<if test="patname!=null and patname!='' ">
				and patname like #{patname}
			</if>
			and patid IN (SELECT patid FROM registration WHERE isbreak=0 and staid=#{staid})
		</where>
		<if test="start!=null and size!=null">
			limit #{start},#{size}
		</if>
</select>
<select id="patientTotal" resultType="Integer">
	SELECT COUNT(*) FROM Patient
</select>
<select id="registrationPatientTotal" resultType="Integer" parameterType="Integer">
	SELECT COUNT(*) FROM Patient where patid IN (SELECT patid FROM registration WHERE isbreak=0 and staid=#{staid})
</select>
</mapper>