<?xml version="1.0" encoding="UTF-8"?>
<!DOCTYPE mapper
PUBLIC "-//mybatis.org//DTD Mapper 3.0//EN"
"http://mybatis.org/dtd/mybatis-3-mapper.dtd">

<mapper namespace="com.hospital.dao.PrescriptionDao">

<resultMap type="Prescription" id="PrescriptionResult">
	<result property="preid" column="preid"/>
	<result property="predate" column="predate"/>
	<result property="isget" column="isget"/>
	<association property="record" column="recid" select="com.hospital.dao.RecordDao.getRecordById"/>
</resultMap>

<insert id="addPrescription" parameterType="com.hospital.entity.Prescription">
	<selectKey keyProperty="preid" resultType="int" order="AFTER">
			SELECT LAST_INSERT_ID()
	</selectKey>
	INSERT INTO prescription VALUES(NULL,#{predate},#{record.recid},#{isget})
</insert>

<select id="getPrescriptionById" parameterType="int" resultMap="PrescriptionResult">
	select * from prescription where preid=#{preid}
</select>

<select id="showPrescriptionList" parameterType="Map" resultMap="PrescriptionResult">
		select * from Prescription
		<where>
			<if test="patcard!=null and patcard!=''">
				and recid IN(SELECT recid FROM patient p LEFT JOIN record r ON p.patid=r.patid WHERE patcard =#{patcard})
			</if>
			<if test="predate!=null">
				and predate &lt; #{predate}
			</if>
			and isget=0
		</where>
		<if test="start!=null and size!=null">
			limit #{start},#{size}
		</if>
</select>

<select id="PrescriptionTotal" resultType="int">
	SELECT count(*) FROM Prescription where isget=0
</select>

<update id="updateToget" parameterType="int">
	update Prescription set isget=1 where preid=#{preid}
</update>

<delete id="deleteByPreId" parameterType="int">
	DELETE FROM Prescription WHERE preid=#{preid}
</delete>

<select id="getPreIncomeByDepid" parameterType="int" resultType="int">
	SELECT IFNULL(SUM(d.detprice*d.drugnumber),0) FROM prescriptiondetail d
	 INNER JOIN prescription p ON d.preid=p.preid INNER JOIN record r ON p.recid=r.recid
	  INNER JOIN staff s ON r.staid=s.staid 
	  WHERE p.isget=1 AND s.depid=#{depid}
</select>
</mapper>