<?xml version="1.0" encoding="UTF-8"?>
<!DOCTYPE mapper
PUBLIC "-//mybatis.org//DTD Mapper 3.0//EN"
"http://mybatis.org/dtd/mybatis-3-mapper.dtd">

<mapper namespace="com.hospital.dao.PrescriptiondetailDao">

<resultMap type="Prescriptiondetail" id="PrescriptiondetailResult">
	<result property="detid" column="detid"/>
	<result property="drugnumber" column="drugnumber"/>
	<result property="detprice" column="detprice"/>
	<association property="stock" column="stoid" select="com.hospital.dao.StockDao.getStockById"/>
	<association property="drug" column="drugid" select="com.hospital.dao.DrugDao.getDrugById"/>
	<association property="prescription" column="preid" select="com.hospital.dao.PrescriptionDao.getPrescriptionById"/>
</resultMap>

<insert id="addPrescriptiondetail" parameterType="com.hospital.entity.Prescriptiondetail">
	<selectKey keyProperty="detid" resultType="int" order="AFTER">
			SELECT LAST_INSERT_ID()
	</selectKey>
	INSERT INTO prescriptiondetail VALUES(NULL,#{drug.drugid},#{drugnumber},#{prescription.preid},#{detprice},#{stock.stoid})
</insert>

<select id="getPrescriptiondetailById" parameterType="int" resultMap="PrescriptiondetailResult">
	select * from prescriptiondetail where detid=#{detid}
</select>

<select id="getPrescriptiondetailByPreid" parameterType="int" resultMap="PrescriptiondetailResult">
	select * from prescriptiondetail where preid=#{preid}
</select>

<delete id="deleteByPreId" parameterType="int">
	DELETE FROM prescriptiondetail WHERE preid=#{preid}
</delete>
</mapper>