<?xml version="1.0" encoding="UTF-8"?>
<!DOCTYPE mapper
PUBLIC "-//mybatis.org//DTD Mapper 3.0//EN"
"http://mybatis.org/dtd/mybatis-3-mapper.dtd">

<mapper namespace="com.hospital.dao.RecordDao">

<resultMap type="Record" id="RecordResult">
	<result property="recid" column="recid"/>
	<result property="pastdisease" column="pastdisease"/>
	<result property="reccontent" column="reccontent"/>
	<result property="rectime" column="rectime"/>
	<association property="patient" column="patid" select="com.hospital.dao.PatientDao.getPatientById"/>
	<association property="staff" column="staid" select="com.hospital.dao.StaffDao.getStaffById"/>
</resultMap>

<insert id="addRecord" parameterType="com.hospital.entity.Record">
	<selectKey keyProperty="recid" resultType="int" order="AFTER">
			SELECT LAST_INSERT_ID()
	</selectKey>
	INSERT INTO record VALUES(NULL,#{pastdisease},#{reccontent},#{staff.staid},#{patient.patid},#{rectime})
</insert>

<select id="getRecordById" parameterType="int" resultMap="RecordResult">
	select * from record where recid=#{recid}
</select>

<select id="showRecordList" parameterType="Map" resultMap="RecordResult">
		select * from Record
		<where>
			<if test="patname!=null and patname!='' ">
				and patid in (SELECT patid FROM patient WHERE patname LIKE #{patname})
			</if>
			and  staid=#{staid}
		</where>
		ORDER BY rectime
		<if test="start!=null and size!=null">
			limit #{start},#{size}
		</if>
</select>

<select id="getRecordTotal" parameterType="Integer" resultType="Integer">
	SELECT COUNT(*) FROM record where staid=#{staid}
</select>

<update id="updateRecord" parameterType="com.hospital.entity.Record">
	update Record
		<set>
			<if test="pastdisease!=null and pastdisease!=''">
				pastdisease=#{pastdisease},
			</if>
			<if test="reccontent !=null and reccontent!=''">
				reccontent=#{reccontent},
			</if>
		</set>
		where recid=#{recid}
</update>
</mapper>