<?xml version="1.0" encoding="UTF-8"?>
<!DOCTYPE mapper
PUBLIC "-//mybatis.org//DTD Mapper 3.0//EN"
"http://mybatis.org/dtd/mybatis-3-mapper.dtd">


<mapper namespace="com.hospital.dao.RegistrationDao">

<resultMap type="Registration" id="RegistrationResult">
		<id property="regid" column="regid"/>
		<result property="regdate" column="regdate"/>
		<result property="isbreak" column="isbreak"/>
		<association property="department" column="depid" select="com.hospital.dao.DepartmentDao.getDepartmentById"/>
		<association property="patient" column="patid" select="com.hospital.dao.PatientDao.getPatientById"/>
		<association property="staff" column="staid" select="com.hospital.dao.StaffDao.getStaffById"/>
</resultMap>

<insert id="addRegistration" parameterType="com.hospital.entity.Registration">
	INSERT INTO registration VALUES(NULL,#{department.depid},#{regdate},#{isbreak},#{patient.patid},#{staff.staid})
</insert>


<select id="showRegistrationList" parameterType="Map" resultMap="RegistrationResult">
		select * from registration
		<where>
			<if test="patname!=null and patname!=''">
				and patid IN(SELECT patid FROM patient WHERE patname LIKE #{patname})
			</if>
			and isbreak=0
		</where>
		<if test="start!=null and size!=null">
			limit #{start},#{size}
		</if>
</select>

<select id="getRegistrationByRegid"  resultType="Integer" resultMap="RegistrationResult">
	select * from registration WHERE regid=#{id}
</select>

<select id="registrationTotal"  resultType="Integer">
	select COUNT(*) from registration WHERE isbreak=0
</select>

<update id="updBreak" parameterType="int">
	update registration set isbreak=1 where regid=#{regid}
</update>

<update id="updBreakByPatid" parameterType="map">
	update registration set isbreak=1 where patid=#{patid} and staid=#{staid}
</update>

<update id="updateRegistration" parameterType="com.hospital.entity.Registration">
	update registration
		<set>
			<if test="department!=null">
				<if test="department.depid!=null">
					depid=#{department.depid},
				</if>
			</if>
			<if test="regdate !=null">
				regdate=#{regdate},
			</if>
			<if test="isbreak!=null">
				isbreak=#{isbreak},
			</if>
			<if test="patient!=null">
				<if test="patient.patid!=null">
					patid=#{patient.patid},
				</if>
			</if>
			<if test="staff!=null">
				<if test="staff.staid!=null">
					staid=#{staff.staid},
				</if>
			</if>	
		</set>
		where regid=#{regid}
</update>
</mapper>