<?xml version="1.0" encoding="UTF-8"?>
<!DOCTYPE mapper
PUBLIC "-//mybatis.org//DTD Mapper 3.0//EN"
"http://mybatis.org/dtd/mybatis-3-mapper.dtd">

<mapper namespace="com.hospital.dao.RoleDao">

<resultMap type="Role" id="RoleResult">
	<result property="roleid" column="roleid"/>
	<result property="rolename" column="rolename"/>
	<result property="rolesal" column="rolesal"/>
</resultMap>

<select id="getRoleById" parameterType="int" resultMap="RoleResult">
	select * from Role where roleid=#{id}
</select>

<select id="showRoleList" parameterType="Map" resultMap="RoleResult">
		select * from role ORDER BY roleid
		<if test="start!=null and size!=null">
			limit #{start},#{size}
		</if>
</select>

<select id="RoleTotal" resultType="Integer">
	SELECT COUNT(*) FROM role
</select>

<update id="updateRole" parameterType="com.hospital.entity.Role">
	update role
		<set>
			<if test="rolename!=null and rolename!=''">
				rolename=#{rolename},
			</if>
			<if test="rolesal !=null and rolesal!=''">
				rolesal=#{rolesal},
			</if>
		</set>
		where roleid=#{roleid}
</update>

<select id="getSalByRoleid" parameterType="int" resultType="int">
	SELECT rolesal FROM role WHERE roleid=#{roleid}
</select>
</mapper>