<?xml version="1.0" encoding="UTF-8"?>
<!DOCTYPE mapper
PUBLIC "-//mybatis.org//DTD Mapper 3.0//EN"
"http://mybatis.org/dtd/mybatis-3-mapper.dtd">

<mapper namespace="com.hospital.dao.SchedulingDao">

<resultMap type="Scheduling" id="SchedulingResult">
	<result property="schid" column="schid"/>
	<result property="schweek" column="schweek"/>
	<result property="schtime" column="schtime"/>
	<association property="staff" column="staid" select="com.hospital.dao.StaffDao.getStaffById"/>
</resultMap>

<select id="getSchedulingByStaid" parameterType="int" resultMap="SchedulingResult">
	select * from Scheduling where staid=#{staid}
</select>

<delete id="deleteBydepid" parameterType="int">
	DELETE FROM Scheduling WHERE staid IN(SELECT staid FROM staff WHERE depid=#{depid} and roleid=#{roleid})
</delete>

<insert id="insertScheduling" parameterType="com.hospital.entity.Scheduling">
	INSERT INTO Scheduling VALUES(NULL,#{staff.staid},#{schweek},#{schtime})
</insert>
</mapper>