<?xml version="1.0" encoding="UTF-8"?>
<!DOCTYPE mapper
PUBLIC "-//mybatis.org//DTD Mapper 3.0//EN"
"http://mybatis.org/dtd/mybatis-3-mapper.dtd">


<mapper namespace="com.hospital.dao.StaffDao">

<resultMap type="Staff" id="StaffResult">
		<id property="staid" column="staid"/>
		<result property="staname" column="staname"/>
		<result property="password" column="password"/>
		<result property="stasex" column="stasex"/>
		<result property="staphone" column="staphone"/>
		<result property="staentrydate" column="staentrydate"/>
		<result property="isincumbency" column="isincumbency"/>
		<association property="role" column="roleid" select="com.hospital.dao.RoleDao.getRoleById"/>
		<association property="department" column="depid" select="com.hospital.dao.DepartmentDao.getDepartmentById"/>
</resultMap>

<update id="updateInfo" parameterType="com.hospital.entity.Staff">
	update Staff
		<set>
			<if test="staname!=null and staname!=''">
				staname=#{staname},
			</if>
			<if test="password !=null and password!=''">
				password=#{password},
			</if>
			<if test="stasex!=null and stasex!=''">
				stasex=#{stasex},
			</if>
			<if test="staphone!=null and staphone!=''">
				staphone=#{staphone},
			</if>
			<if test="role!=null">
				<if test="role.roleid!=null">
					roleid=#{role.roleid},
				</if>
			</if>
			<if test="isincumbency !=null">
				isincumbency=#{isincumbency},
			</if>
			<if test="department!=null">
				<if test="department.depid!=null">
					depid=#{department.depid}
				</if>
			</if>	
		</set>
		where staid=#{staid}
</update>

<select id="login" parameterType="Map" resultMap="StaffResult">
		SELECT * FROM Staff WHERE  staphone=#{staphone} AND password=#{password} and isincumbency=1
</select>

<select id="getStaffById" parameterType="Integer" resultMap="StaffResult">
	SELECT * FROM Staff WHERE staid=#{staid}
</select>

<select id="getStaffByStaphone" parameterType="java.lang.String" resultMap="StaffResult">
	SELECT * FROM Staff WHERE staphone=#{staphone}
</select>

<select id="showDoctorByDepid" parameterType="Map" resultMap="StaffResult">
		select * from Staff
		<where>
			<if test="depid!=null">
				and depid=#{depid}
			</if>
			<if test="staphone!=null and staphone!=''">
				and staphone=#{staphone}
			</if>
			<if test="staname!=null and staname!='' ">
				and staname like #{staname}
			</if>
			and roleid=2
		</where>
		<if test="start!=null and size!=null">
			limit #{start},#{size}
		</if>
</select>

<select id="doctorByDepidTotal" parameterType="Integer" resultType="Integer">
	SELECT COUNT(*) FROM Staff WHERE roleid=2 AND depid=#{depid}
</select>

<select id="getStaffByDepid" parameterType="Map" resultMap="StaffResult">
		select * from Staff 
		<where>
			<if test="depid!=null">
				and depid=#{depid}
			</if>
			<if test="roleid!=null">
				and roleid=#{roleid}
			</if>
		</where>
</select>

<select id="showAllStaff" parameterType="Map" resultMap="StaffResult">
		select * from Staff
		<where>
			<if test="staname!=null and staname!='' ">
				and staname like #{staname}
			</if>
			and isincumbency=true and depid IS NOT NULL
		</where>
		ORDER BY staid
		<if test="start!=null and size!=null">
			limit #{start},#{size}
		</if>
</select>

<select id="StaffTotal" resultType="Integer">
	SELECT COUNT(*) FROM staff WHERE depid IS NOT NULL 
</select>

<insert id="addStaff" parameterType="com.hospital.entity.Staff">
	INSERT INTO staff VALUES(NULL,#{staname},#{stasex},#{staphone},#{role.roleid},#{staentrydate},#{isincumbency},#{department.depid},#{password})
</insert>

<select id="getNumByRoleid" parameterType="int" resultType="int">
	SELECT COUNT(*) FROM staff WHERE roleid=#{roleid}
</select>
</mapper>