<?xml version="1.0" encoding="UTF-8"?>
<!DOCTYPE mapper
PUBLIC "-//mybatis.org//DTD Mapper 3.0//EN"
"http://mybatis.org/dtd/mybatis-3-mapper.dtd">

<mapper namespace="com.hospital.dao.StockDao">

<resultMap type="Stock" id="StockResult">
	<result property="stoid" column="stoid"/>
	<result property="drugnum" column="drugnum"/>
	<result property="stoinputtime" column="stoinputtime"/>
	<result property="stouserdate" column="stouserdate"/>
	<result property="stoprice" column="stoprice"/>
	<result property="stosavenum" column="stosavenum"/>
	<association property="drug" column="drugid" select="com.hospital.dao.DrugDao.getDrugById"/>
</resultMap>

<select id="showStockList" parameterType="Map" resultMap="StockResult">
		select * from Stock
		<where>
			<if test="drugname!=null and drugname!='' ">
				and drugid in (SELECT drugid FROM drug WHERE drugname like #{drugname})
			</if>
			and drugnum>0
		</where>
		ORDER BY stouserdate
		<if test="start!=null and size!=null">
			limit #{start},#{size}
		</if>
</select>

<select id="showAllStockList" parameterType="Map" resultMap="StockResult">
		select * from Stock
		<where>
			<if test="drugname!=null and drugname!='' ">
				and drugid in (SELECT drugid FROM drug WHERE drugname like #{drugname})
			</if>
		</where>
		ORDER BY stouserdate
		<if test="start!=null and size!=null">
			limit #{start},#{size}
		</if>
</select>

<select id="getStockTotal" resultType="Integer">
	SELECT COUNT(*) FROM stock
</select>

<select id="getStockById" parameterType="Integer" resultMap="StockResult">
	SELECT * FROM stock where stoid=#{stoid}
</select>

<update id="updateStock" parameterType="com.hospital.entity.Stock">
	update Stock
		<set>
			<if test="drugnum!=null">
				drugnum=#{drugnum},
			</if>
			<if test="stoinputtime !=null">
				stoinputtime=#{stoinputtime},
			</if>
			<if test="stouserdate!=null">
				stouserdate=#{stouserdate},
			</if>
			<if test="stoprice!=null">
				stoprice=#{stoprice},
			</if>
			<if test="stosavenum!=null">
				stosavenum=#{stosavenum},
			</if>
			<if test="drug!=null">
				<if test="drug.drugid!=null">
					drugid=#{drug.drugid}
				</if>
			</if>	
		</set>
		where stoid=#{stoid}
</update>

<insert id="addStock" parameterType="com.hospital.entity.Stock">
	<selectKey keyProperty="stoid" resultType="int" order="AFTER">
			SELECT LAST_INSERT_ID()
	</selectKey>
	INSERT INTO stock VALUES(NULL,#{drug.drugid},#{drugnum},#{stoinputtime},#{stouserdate},#{stoprice},#{stosavenum})
</insert>

<delete id="deleteStock" parameterType="int">
	DELETE FROM stock WHERE stoid=#{stoid}
</delete>
</mapper>