<?xml version="1.0" encoding="UTF-8"?>
<!DOCTYPE mapper
PUBLIC "-//mybatis.org//DTD Mapper 3.0//EN"
"http://mybatis.org/dtd/mybatis-3-mapper.dtd">

<mapper namespace="com.hospital.dao.WardDao">

<resultMap type="Ward" id="WardResult">
	<result property="wardid" column="wardid"/>
	<result property="wardtype" column="wardtype"/>
	<result property="wardprice" column="wardprice"/>
	<association property="department" column="depid" select="com.hospital.dao.DepartmentDao.getDepartmentById"/>
</resultMap>

<select id="getWardById" parameterType="int" resultMap="WardResult">
	select * from Ward where wardid=#{id}
</select>

<insert id="addWard" parameterType="com.hospital.entity.Ward">
	<selectKey keyProperty="wardid" resultType="int" order="AFTER">
			SELECT LAST_INSERT_ID()
	</selectKey>
	INSERT INTO ward VALUES(NULL,#{wardtype},#{wardprice},#{department.depid})
</insert>

<select id="showWardList" parameterType="Map" resultMap="WardResult">
		select * from ward
		<where>
			<if test="wardtype!=null and wardtype!='' ">
				and  wardtype like #{wardtype}
			</if>
		</where>
		<if test="start!=null and size!=null">
			limit #{start},#{size}
		</if>
</select>

<select id="getWardTotal" resultType="int">
	SELECT count(*) FROM ward
</select>
</mapper>